Distribuzione,Parametri,MSE_KDE_PDF,KS_pvalue,AIC,BIC,Mean,Std,Plausible
Weibull,"[0.133511, 0, 0.000551116]",inf,5.659663033280716e-16,,,7.575408064042933,613.1380485676132,True
Esponenziale,"[0, 10.7092]",6.772978956880083e-05,6.926074938728208e-86,799.5807043626812,805.1220736116126,10.709216003609543,10.709216003609543,True
Normale,"[10.7092, 44.3211]",8.840706095561969e-06,1.3967408672096588e-23,1233.6544999544312,1239.1958692033625,10.709216003609543,44.321145593380116,True
