state,OFF,DEV,REV,TEST
OFF,0.050000,0.400000,0.350000,0.200000
DEV,0.090909,0.090909,0.727273,0.090909
REV,0.062500,0.062500,0.062500,0.812500
TEST,0.733333,0.066667,0.066667,0.133333
