duration_days,probability,count
0.030,0.058824,1
0.153,0.058824,1
0.281,0.058824,1
0.808,0.058824,1
27.201,0.058824,1
91.023,0.058824,1
101.304,0.058824,1
154.965,0.058824,1
200.615,0.058824,1
401.730,0.058824,1
718.663,0.058824,1
1071.612,0.058824,1
1074.097,0.058824,1
1169.710,0.058824,1
1590.795,0.117647,2
2268.083,0.058824,1
