duration_days,probability,count
0.000,0.500000,4
0.001,0.125000,1
0.030,0.125000,1
0.083,0.125000,1
20.253,0.125000,1
