length,prob
0.030,0.058824
0.153,0.058824
0.281,0.058824
0.808,0.058824
27.201,0.058824
91.023,0.058824
101.304,0.058824
154.965,0.058824
200.615,0.058824
401.730,0.058824
718.663,0.058824
1071.612,0.058824
1074.097,0.058824
1169.710,0.058824
1590.795,0.117647
2268.083,0.058824
