length,prob
2.807,0.100000
4.387,0.100000
13.679,0.100000
17.900,0.100000
21.604,0.100000
31.642,0.100000
34.414,0.100000
49.246,0.100000
105.874,0.100000
987.988,0.100000
