length,prob
0.000,0.500000
0.001,0.125000
0.030,0.125000
0.083,0.125000
20.253,0.125000
